Designator,Mid X,Mid Y,Layer,Rotation
C1,140.45,-112.4,Top,90.0
C2,145.025,-112.725,Top,-90.0
C3,146.8,-112.675,Top,-90.0
C4,155.625,-112.825,Top,90.0
C5,159.9,-112.675,Top,-90.0
C6,170.7,-109.75,Top,0.0
C7,177.05,-89.975,Top,0.0
C8,177.65,-76.025,Top,0.0
C9,177.925,-61.475,Top,0.0
C10,177.875,-47.25,Top,0.0
C11,162.1375,-93.625,Top,180.0
C12,162.1875,-79.525,Top,180.0
C13,162.2625,-64.275,Top,180.0
C14,162.3625,-49.8,Top,180.0
C15,168.225,-94.875,Top,90.0
C16,168.45,-81.675,Top,90.0
C17,168.45,-66.35,Top,90.0
C18,168.025,-51.75,Top,90.0
C19,184.5152,-110.2826,Top,90.0
C20,184.7,-95.375,Top,90.0
C21,184.475,-81.0,Top,90.0
C22,184.475,-66.7,Top,90.0
C23,184.95,-52.525,Top,90.0
C24,183.3152,-108.6076,Top,90.0
C25,183.4,-93.925,Top,90.0
C26,183.275,-79.6,Top,90.0
C27,183.25,-65.2,Top,90.0
C28,183.25,-50.95,Top,90.0
C29,160.0,-39.9375,Top,-90.0
C30,117.5125,-94.275,Top,180.0
C31,132.1875,-77.6,Top,0.0
C32,132.2,-79.45,Top,0.0
C33,111.5,-59.125,Top,90.0
C34,103.6,-59.2,Top,-90.0
C35,97.9,-59.175,Top,90.0
C36,125.0,-59.1402,Top,90.0
C37,103.4625,-98.825,Top,0.0
C38,101.3,-59.175,Top,90.0
C39,103.2375,-100.625,Top,180.0
C40,99.4,-59.175,Top,90.0
C41,93.6,-76.7,Top,90.0
C42,95.35,-76.825,Top,-90.0
C43,126.1875,-76.475,Top,180.0
C44,92.4,-84.4573,Top,270.0
C45,100.15,-84.3073,Top,90.0
C46,98.4,-84.3823,Top,-90.0
C47,135.025,-100.5326,Top,0.0
C48,135.0402,-92.6326,Top,180.0
C49,135.4652,-90.7326,Top,0.0
C50,148.5402,-100.4326,Top,180.0
C51,146.0152,-92.4826,Top,0.0
C52,145.2652,-90.5326,Top,0.0
C53,148.225,-39.475,Top,-90.0
C54,157.975,-40.0,Top,90.0
C55,146.2375,-39.275,Top,90.0
C56,115.0,-39.225,Top,90.0
C57,122.0,-46.5,Top,0.0
D1,149.825,-112.85,Top,-90.0
D2,99.35,-105.175,Top,180.0
FuelGaugeSwitch1,168.5,-38.83,Top,180.0
J1,144.75,-124.3,Top,180.0
J2,189.1,-106.9,Top,90.0
J3,189.275,-91.7,Top,90.0
J4,189.075,-78.6,Top,90.0
J5,188.875,-66.0,Top,90.0
J6,188.875,-54.4,Top,90.0
J7,123.3625,-97.17500000000001,Top,270.0
J8,93.95,-59.075,Top,270.0
J9,95.55,-96.175,Top,270.0
J10,122.9,-85.375,Top,0.0
J11,104.32,-84.825,Top,90.0
J12,111.57,-84.825,Top,90.0
J13,133.525,-86.025,Top,180.0
J14,130.025,-111.4,Top,0.0
J15,145.025,-86.025,Top,0.0
J16,92.55,-107.625,Top,90.0
J17,106.2,-107.675,Top,90.0
J18,135.5,-39.5,Top,180.0
J19,110.0,-39.0,Top,0.0
J20,97.92,-39.5,Top,180.0
LightSwitch1,89.98,-95.325,Top,-90.0
Q1,112.01,-74.975,Top,0.0
Q2,112.17,-69.825,Top,0.0
Q3,120.21,-81.775,Top,0.0
R1,169.9527,-107.9076,Top,0.0
R2,169.9527,-105.9826,Top,180.0
R3,170.9375,-91.325,Top,180.0
R4,170.9375,-93.225,Top,0.0
R5,170.8375,-76.95,Top,180.0
R6,170.8375,-78.925,Top,0.0
R7,170.6625,-61.8,Top,180.0
R8,170.6625,-63.8,Top,0.0
R9,170.4375,-47.25,Top,180.0
R10,170.4375,-49.175,Top,0.0
R11,173.4902,-109.3326,Top,90.0
R12,172.7902,-112.0326,Top,0.0
R13,172.8027,-113.9576,Top,0.0
R14,179.1375,-105.75,Top,0.0
R15,173.6,-95.0125,Top,90.0
R16,172.8875,-97.7,Top,0.0
R17,172.8875,-99.65,Top,0.0
R18,181.1625,-91.025,Top,0.0
R19,173.5,-80.6375,Top,90.0
R20,172.7625,-83.3,Top,0.0
R21,172.7625,-85.2,Top,0.0
R22,181.175,-76.675,Top,0.0
R23,173.325,-66.2875,Top,90.0
R24,172.5875,-68.925,Top,0.0
R25,172.5875,-70.825,Top,0.0
R26,181.525,-62.15,Top,0.0
R27,173.275,-51.775,Top,90.0
R28,171.925,-54.55,Top,0.0
R29,171.9125,-56.5,Top,0.0
R30,181.55,-47.925,Top,0.0
R31,122.0875,-44.5,Top,180.0
R33,117.7,-96.025,Top,0.0
R34,134.2875,-69.375,Top,90.0
R35,136.2125,-69.3875,Top,90.0
R36,147.775,-55.9625,Top,-90.0
R37,138.675,-72.65,Top,180.0
R38,91.9,-73.2875,Top,-90.0
R39,91.9,-76.725,Top,-90.0
R40,98.3,-73.825,Top,0.0
R41,101.1,-74.4,Top,-90.0
R42,126.15,-72.875,Top,0.0
R43,126.1375,-74.8,Top,180.0
R44,101.1,-71.35,Top,-90.0
R45,117.0,-77.675,Top,0.0
R46,106.3375,-77.975,Top,0.0
R47,116.75,-84.575,Top,0.0
R48,90.6875,-100.825,Top,0.0
R49,122.725,-105.125,Top,0.0
R50,111.0,-105.325,Top,180.0
TH1,178.25,-39.5,Top,0.0
U1,179.2402,-109.4326,Top,270.0
U2,179.1746,-94.775,Top,270.0
U3,179.2246,-80.35,Top,270.0
U4,179.1496,-66.025,Top,270.0
U5,179.175,-51.7,Top,270.0
U6,132.0625,-73.875,Top,270.0
U7,108.6375,-95.94,Top,90.0
U8,98.7,-76.575,Top,270.0
U9,153.1125,-39.55,Top,270.0
U10,122.0,-39.5,Top,270.0
